Doctor,Nurse,Administrative Staff,Patient,Administrator,overall_performace
0.3,0.4666666666666667,0.5666666666666667,0.45,0.5166666666666667,0.46
0.36666666666666664,0.23333333333333334,0.21666666666666667,0.23333333333333334,0.25,0.26
0.3333333333333333,0.3,0.21666666666666667,0.31666666666666665,0.23333333333333334,0.28
